{
	"format_version": "1.8.0",
	"animations": {
		"emerge": {
			"loop": "hold_on_last_frame",
			"animation_length": 0.96,
			"bones": {
				"bone": {
					"rotation": {
						"0.0": [0, 0, 0],
						"0.12": [0, 0, -5],
						"0.2": {"pre": [0, 0, -5], "post": [0, 0, 5]},
						"0.28": {"pre": [0, 0, 5], "post": [0, 0, 0]},
						"0.36": {"pre": [0, 0, 0], "post": [0, 0, 2.5]},
						"0.44": {"pre": [0, 0, 2.5], "post": [0, 0, -2.5]},
						"0.48": {"pre": [0, 0, -2.5], "post": [0, 0, 0]},
						"0.52": {"pre": [0, 0, 0], "post": [0, 0, -2.5]},
						"0.6": {"pre": [0, 0, -2.5], "post": [0, 0, 2.5]},
						"0.68": {"pre": [0, 0, 2.5], "post": [0, 0, 0]},
						"0.76": {"pre": [0, 0, 0], "post": [0, 0, 5]},
						"0.84": {"pre": [0, 0, 5], "post": [0, 0, -5]},
						"0.96": {"pre": [0, 0, -5], "post": [0, 0, 0]}
					},
					"position": {
						"0.0": [0, -16, 0],
						"0.04": [0, -15.43958, 0],
						"0.08": [0, -14.29417, 0],
						"0.12": [0, -12.88051, 0],
						"0.16": [0, -11.31998, 0],
						"0.2": [0, -9.67833, 0],
						"0.28": [0, -6.32167, 0],
						"0.32": [0, -4.68002, 0],
						"0.36": [0, -3.11949, 0],
						"0.4": [0, -1.70583, 0],
						"0.44": [0, -0.56042, 0],
						"0.48": [0, 0, 0],
						"0.52": [0, -0.56042, 0],
						"0.56": [0, -1.70583, 0],
						"0.6": [0, -3.11949, 0],
						"0.64": [0, -4.68002, 0],
						"0.68": [0, -6.32167, 0],
						"0.76": [0, -9.67833, 0],
						"0.8": [0, -11.31998, 0],
						"0.84": [0, -12.88051, 0],
						"0.88": [0, -14.29417, 0],
						"0.92": [0, -15.43958, 0],
						"0.96": [0, -16, 0]
					},
					"scale": {
						"0.0": [0, 0, 0],
						"0.04": [0.03503, 0.03503, 0.03503],
						"0.08": [0.10661, 0.10661, 0.10661],
						"0.12": [0.19497, 0.19497, 0.19497],
						"0.16": [0.2925, 0.2925, 0.2925],
						"0.32": [0.7075, 0.7075, 0.7075],
						"0.36": [0.80503, 0.80503, 0.80503],
						"0.4": [0.89339, 0.89339, 0.89339],
						"0.44": [0.96497, 0.96497, 0.96497],
						"0.48": [1, 1, 1],
						"0.52": [0.96497, 0.96497, 0.96497],
						"0.56": [0.89339, 0.89339, 0.89339],
						"0.6": [0.80503, 0.80503, 0.80503],
						"0.64": [0.7075, 0.7075, 0.7075],
						"0.8": [0.2925, 0.2925, 0.2925],
						"0.84": [0.19497, 0.19497, 0.19497],
						"0.88": [0.10661, 0.10661, 0.10661],
						"0.92": [0.03503, 0.03503, 0.03503],
						"0.96": [0, 0, 0]
					}
				}
			},
			"timeline": {
				"0.48": "DoDamageInstruction;",
				"0.96": "DiscardInstruction;"
			}
		},
		"underground": {
			"loop": "hold_on_last_frame",
			"bones": {
				"bone": {
					"rotation": [0, 0, 0],
					"position": [0, -16, 0],
					"scale": 0
				}
			}
		}
	}
}